<?xml version="1.0" encoding="UTF-8"?>

<COMPONENT> 
  <HEADER AUTHOR="cimt AG" COMPATIBILITY="ALL" SCHEMA_AUTO_PROPAGATE="false" PLATEFORM="ALL" RELEASE_DATE="20250321" SERIAL="" STARTABLE="true" STATUS="PROD" VERSION="25.4"> 
    <SIGNATURE/> 
  </HEADER>  
  <FAMILIES> 
    <FAMILY>XML</FAMILY> 
  </FAMILIES>  
  <DOCUMENTATION> 
    <URL/> 
  </DOCUMENTATION>  
  <CONNECTORS> 
    <CONNECTOR CTYPE="FLOW" MIN_INPUT="0" MAX_INPUT="0" MIN_OUTPUT="0" MAX_OUTPUT="0"/>  
    <CONNECTOR CTYPE="ITERATE" MAX_OUTPUT="1" MAX_INPUT="1"/>  
    <CONNECTOR CTYPE="SUBJOB_OK" MAX_INPUT="1"/>  
    <CONNECTOR CTYPE="SUBJOB_ERROR" MAX_INPUT="1"/>  
    <CONNECTOR CTYPE="COMPONENT_OK"/>  
    <CONNECTOR CTYPE="COMPONENT_ERROR"/>  
    <CONNECTOR CTYPE="RUN_IF"/> 
  </CONNECTORS>  
  <PARAMETERS> 
    <PARAMETER NAME="LOAD_EXISTING_MODEL" FIELD="CHECK" NUM_ROW="70" REQUIRED="true"> 
      <DEFAULT>false</DEFAULT> 
    </PARAMETER>  
    <PARAMETER NAME="XSD_FILE" FIELD="FILE" NUM_ROW="10" SHOW_IF="LOAD_EXISTING_MODEL == 'false')"/>  
    <PARAMETER NAME="MODELCACHE_DIR" NUM_ROW="20" FIELD="DIRECTORY" REQUIRED="true" SHOW_IF="LOAD_EXISTING_MODEL == 'false')"> 
      <DEFAULT/> 
    </PARAMETER>  
    <PARAMETER NAME="CREATE_JAR_FILE" FIELD="CHECK" NUM_ROW="30" REQUIRED="true" SHOW_IF="LOAD_EXISTING_MODEL == 'false')"/>  
    <PARAMETER NAME="JAR_FILE" FIELD="FILE" NUM_ROW="40" REQUIRED="true" SHOW_IF="(CREATE_JAR_FILE == 'true') and (LOAD_EXISTING_MODEL == 'false')"/> 
  </PARAMETERS>  
  <ADVANCED_PARAMETERS> 
    <PARAMETER NAME="PRINTOUT_ABSTRACT_CLASSES" FIELD="CHECK" NUM_ROW="30" REQUIRED="true" SHOW_IF="LOAD_EXISTING_MODEL == 'false')"> 
      <DEFAULT>true</DEFAULT> 
    </PARAMETER>  
    <PARAMETER NAME="PRINTOUT_DOCUMENT_GRAPH" FIELD="CHECK" NUM_ROW="40" REQUIRED="true" SHOW_IF="LOAD_EXISTING_MODEL == 'false')"> 
      <DEFAULT>true</DEFAULT> 
    </PARAMETER>  
    <PARAMETER NAME="PERFORM_TYPE_SUBSTITUTE" FIELD="CHECK" NUM_ROW="50" REQUIRED="true" SHOW_IF="LOAD_EXISTING_MODEL == 'false')"> 
      <DEFAULT>false</DEFAULT> 
    </PARAMETER>  
    <PARAMETER NAME="IGNORE_ANNOTATIONS" FIELD="CHECK" NUM_ROW="60" REQUIRED="true" SHOW_IF="LOAD_EXISTING_MODEL == 'false')"> 
      <DEFAULT>false</DEFAULT> 
    </PARAMETER>  
    <PARAMETER NAME="FORCE_GENERATE" FIELD="CHECK" NUM_ROW="70" REQUIRED="true" SHOW_IF="LOAD_EXISTING_MODEL == 'false')"> 
      <DEFAULT>false</DEFAULT> 
    </PARAMETER>  
    <PARAMETER NAME="RELEASE_LABEL_20250321" FIELD="LABEL" COLOR="0;0;0" NUM_ROW="900">
      <DEFAULT>Release: 25.4 build at: 20250321</DEFAULT>
    </PARAMETER>
  </ADVANCED_PARAMETERS>  
  <CODEGENERATION> 
    <IMPORTS>
      <IMPORT NAME="cimt-talendcomp-xmldynamic" MODULE="cimt-talendcomp-xmldynamic-25.4.jar" MVN="mvn:org.talend.libraries/cimt-talendcomp-xmldynamic-25.4/6.0.0-SNAPSHOT" REQUIRED="true"/>
      <IMPORT NAME="jakarta.xml.bind-api" MODULE="jakarta.xml.bind-api-4.0.2.jar" MVN="mvn:org.talend.libraries/jakarta.xml.bind-api-4.0.2/6.0.0-SNAPSHOT" REQUIRED="true"/>
      <IMPORT NAME="jakarta.activation-api" MODULE="jakarta.activation-api-2.1.3.jar" MVN="mvn:org.talend.libraries/jakarta.activation-api-2.1.3/6.0.0-SNAPSHOT" REQUIRED="true"/>
      <IMPORT NAME="jaxb-core" MODULE="jaxb-core-4.0.5.jar" MVN="mvn:org.talend.libraries/jaxb-core-4.0.5/6.0.0-SNAPSHOT" REQUIRED="true"/>
      <IMPORT NAME="txw2" MODULE="txw2-4.0.5.jar" MVN="mvn:org.talend.libraries/txw2-4.0.5/6.0.0-SNAPSHOT" REQUIRED="true"/>
      <IMPORT NAME="istack-commons-runtime" MODULE="istack-commons-runtime-4.1.2.jar" MVN="mvn:org.talend.libraries/istack-commons-runtime-4.1.2/6.0.0-SNAPSHOT" REQUIRED="true"/>
      <IMPORT NAME="jaxb-runtime" MODULE="jaxb-runtime-4.0.5.jar" MVN="mvn:org.talend.libraries/jaxb-runtime-4.0.5/6.0.0-SNAPSHOT" REQUIRED="true"/>
      <IMPORT NAME="codemodel" MODULE="codemodel-4.0.5.jar" MVN="mvn:org.talend.libraries/codemodel-4.0.5/6.0.0-SNAPSHOT" REQUIRED="true"/>
      <IMPORT NAME="jaxb-xjc" MODULE="jaxb-xjc-4.0.5.jar" MVN="mvn:org.talend.libraries/jaxb-xjc-4.0.5/6.0.0-SNAPSHOT" REQUIRED="true"/>
      <IMPORT NAME="xsom" MODULE="xsom-4.0.5.jar" MVN="mvn:org.talend.libraries/xsom-4.0.5/6.0.0-SNAPSHOT" REQUIRED="true"/>
      <IMPORT NAME="relaxng-datatype" MODULE="relaxng-datatype-4.0.5.jar" MVN="mvn:org.talend.libraries/relaxng-datatype-4.0.5/6.0.0-SNAPSHOT" REQUIRED="true"/>
      <IMPORT NAME="rngom" MODULE="rngom-4.0.5.jar" MVN="mvn:org.talend.libraries/rngom-4.0.5/6.0.0-SNAPSHOT" REQUIRED="true"/>
      <IMPORT NAME="dtd-parser" MODULE="dtd-parser-1.5.1.jar" MVN="mvn:org.talend.libraries/dtd-parser-1.5.1/6.0.0-SNAPSHOT" REQUIRED="true"/>
      <IMPORT NAME="istack-commons-tools" MODULE="istack-commons-tools-4.1.2.jar" MVN="mvn:org.talend.libraries/istack-commons-tools-4.1.2/6.0.0-SNAPSHOT" REQUIRED="true"/>
      <IMPORT NAME="TypeConversion" MODULE="TypeConversion-1.0.jar" MVN="mvn:org.talend.libraries/TypeConversion-1.0/6.0.0-SNAPSHOT" REQUIRED="true"/>
      <IMPORT NAME="jakarta.xml.bind-api" MODULE="jakarta.xml.bind-api_4.0.2.jar" MVN="mvn:jakarta.xml.bind/jakarta.xml.bind-api/4.0.2"/>
    </IMPORTS>
  </CODEGENERATION>  
  <RETURNS> 
    <RETURN AVAILABILITY="AFTER" NAME="XSD_FILE" TYPE="id_String"/>  
    <RETURN AVAILABILITY="AFTER" NAME="MODELCACHE_DIR" TYPE="id_String"/>  
    <RETURN AVAILABILITY="AFTER" NAME="JAR_FILE" TYPE="id_String"/> 
  </RETURNS>
</COMPONENT>
