<?xml version="1.0" encoding="UTF-8"?>

<COMPONENT> 
  <HEADER AUTHOR="cimt AG" COMPATIBILITY="ALL" SCHEMA_AUTO_PROPAGATE="true" PLATEFORM="ALL" RELEASE_DATE="20250321" SERIAL="" STARTABLE="true" STATUS="PROD" VERSION="25.4"> 
    <SIGNATURE/> 
  </HEADER>  
  <FAMILIES> 
    <FAMILY>XML</FAMILY> 
  </FAMILIES>  
  <DOCUMENTATION> 
    <URL/> 
  </DOCUMENTATION>  
  <CONNECTORS> 
    <CONNECTOR CTYPE="FLOW" MIN_INPUT="0" MAX_INPUT="0" MIN_OUTPUT="0" MAX_OUTPUT="1"/>  
    <CONNECTOR CTYPE="ITERATE" MAX_OUTPUT="1" MAX_INPUT="1"/>  
    <CONNECTOR CTYPE="SUBJOB_OK" MAX_INPUT="1"/>  
    <CONNECTOR CTYPE="SUBJOB_ERROR" MAX_INPUT="1"/>  
    <CONNECTOR CTYPE="COMPONENT_OK"/>  
    <CONNECTOR CTYPE="COMPONENT_ERROR"/>  
    <CONNECTOR CTYPE="RUN_IF"/> 
  </CONNECTORS>  
  <PARAMETERS> 
    <PARAMETER NAME="PARENT_OBJECT_COMPONENT" FIELD="COMPONENT_LIST" NUM_ROW="10" FILTER="REGEXP:^(tXmlJaxbObjectOutput|tXmlJaxbObjectInput)(.)*" REQUIRED="true"/>  
    <PARAMETER NUM_ROW="20" FIELD="CHECK" NAME="OUTPUT_AS_FILE" REQUIRED="true"> 
      <DEFAULT>true</DEFAULT> 
    </PARAMETER>  
    <PARAMETER NUM_ROW="30" FIELD="FILE" NAME="OUTPUT_FILE_PATH" SHOW_IF="OUTPUT_AS_FILE == 'true'" REQUIRED="true"> 
      <DEFAULT>"/path/to/output_file.xml"</DEFAULT> 
    </PARAMETER>  
    <PARAMETER NAME="SCHEMA" FIELD="SCHEMA_TYPE" REQUIRED="false" NUM_ROW="40"> 
      <DEFAULT/> 
    </PARAMETER>  
    <PARAMETER NAME="XML_OUTPUT_COLUMN" FIELD="COLUMN_LIST" NUM_ROW="50"></PARAMETER>  
    <PARAMETER NUM_ROW="60" FIELD="CHECK" NAME="PRETTY_PRINT" REQUIRED="true"> 
      <DEFAULT>true</DEFAULT> 
    </PARAMETER>  
    <PARAMETER NUM_ROW="70" FIELD="CHECK" NAME="FRAGMENTED" REQUIRED="true"> 
      <DEFAULT>false</DEFAULT> 
    </PARAMETER>  
    <PARAMETER NUM_ROW="80" FIELD="TEXT" NAME="ENCODING" REQUIRED="true"> 
      <DEFAULT>"UTF-8"</DEFAULT> 
    </PARAMETER>  
    <PARAMETER NUM_ROW="90" FIELD="CHECK" NAME="STD_OUTPUT" REQUIRED="true"> 
      <DEFAULT>false</DEFAULT> 
    </PARAMETER> 
  </PARAMETERS>  
  <ADVANCED_PARAMETERS> 
    <PARAMETER NAME="RELEASE_LABEL_20250321" FIELD="LABEL" COLOR="0;0;0" NUM_ROW="900">
      <DEFAULT>Release: 25.4 build at: 20250321</DEFAULT>
    </PARAMETER>
  </ADVANCED_PARAMETERS>  
  <CODEGENERATION> 
    <IMPORTS/>
  </CODEGENERATION>  
  <RETURNS> 
    <RETURN AVAILABILITY="AFTER" NAME="OUTPUT_FILE_PATH" TYPE="id_String"/> 
  </RETURNS>
</COMPONENT>
